"exp","subj","task","Conservative","Liberal","cshift"
"Exp. 1","AAWL","Strategic",0.351839381219278,-0.307686452220509,0.659525833439787
"Exp. 1","AAWL","FPF",0,-0.468564648814262,0.468564648814262
"Exp. 1","ADDR","Strategic",0.607120776124869,-0.563537897594432,1.1706586737193
"Exp. 1","ADDR","FPF",1.35552230544938,0.342631965641155,1.01289033980823
"Exp. 1","ADDV","Strategic",0.0235605572225092,-0.270443615333282,0.294004172555791
"Exp. 1","ADDV","FPF",0.269275041034941,-0.128519681683784,0.397794722718725
"Exp. 1","APGL","Strategic",-0.0223058026508451,-0.421863538483413,0.399557735832568
"Exp. 1","APGL","FPF",-0.0113419174937731,-0.44235761631672,0.431015698822947
"Exp. 1","ARNE","Strategic",0.384486817687038,-0.921417854794656,1.30590467248169
"Exp. 1","ARNE","FPF",0.190987230185183,-0.44726359850351,0.638250828688693
"Exp. 1","ARYV","Strategic",0.499795095821212,-0.118772486682371,0.618567582503583
"Exp. 1","ARYV","FPF",0.820776491597033,0.742187793426748,0.0785886981702845
"Exp. 1","BDIL","Strategic",0.258276105251829,-0.384486817687038,0.642762922938867
"Exp. 1","BDIL","FPF",0.214587805303819,-0.868252455425264,1.08284026072908
"Exp. 1","BDVL","Strategic",0.374053881587962,-0.422439350214285,0.796493231802247
"Exp. 1","BDVL","FPF",0.452518170503408,-0.614307668701391,1.0668258392048
"Exp. 1","CESC","Strategic",0.725834576654946,-0.289614470148537,1.01544904680348
"Exp. 1","CESC","FPF",0.61959040836419,-0.0231705266504878,0.642760935014678
"Exp. 1","COTV","Strategic",0.525473804738093,-0.578250682243407,1.1037244869815
"Exp. 1","COTV","FPF",0.69276021921588,-1.1410147349897,1.83377495420558
"Exp. 1","CYPT","Strategic",0.073177223239078,-0.307686452220509,0.380863675459587
"Exp. 1","CYPT","FPF",0.29423021542534,0.453123018430428,-0.158892803005089
"Exp. 1","DDJV","Strategic",0.848529669978247,-0.522924221800368,1.37145389177861
"Exp. 1","DDJV","FPF",0.313046193356645,-0.365487465623742,0.678533658980386
"Exp. 1","DEEH","Strategic",0.1125987125048,-0.402456039768261,0.51505475227306
"Exp. 1","DEEH","FPF",0.64297020639323,-0.298766449834806,0.941736656228036
"Exp. 1","DHVC","Strategic",-0.0532100480791081,-0.549095346073888,0.495885297994779
"Exp. 1","DHVC","FPF",-0.0821858456890024,-0.259040669898318,0.176854824209316
"Exp. 1","DJAJ","Strategic",0.374053881587962,-0.421863538483413,0.795917420071375
"Exp. 1","DJAJ","FPF",0.808518306666742,-0.652777692177105,1.46129599884385
"Exp. 1","DKIB","Strategic",-0.0781257592703675,0.0180719820719723,-0.0961977413423397
"Exp. 1","DKIB","FPF",0.164003983154082,0.0987842973426969,0.0652196858113851
"Exp. 1","DUJQ","Strategic",0.284317614415131,0.194402897670333,0.0899147167447972
"Exp. 1","DUJQ","FPF",0.276583069648612,0.0144641272645005,0.262118942384112
"Exp. 1","DWVZ","Strategic",0.60783463258475,-0.30762216373645,0.9154567963212
"Exp. 1","DWVZ","FPF",0.834690943585202,-0.614307668701391,1.44899861228659
"Exp. 1","EDUT","Strategic",0.458749677659452,-0.0478375077258231,0.506587185385275
"Exp. 1","EDUT","FPF",0.454557632419756,-0.156827864283835,0.61138549670359
"Exp. 1","EEIP","Strategic",0.484599704284846,-0.584906275756185,1.06950598004103
"Exp. 1","EEIP","FPF",-0.0113419174937731,-0.0757237234799163,0.0643818059861432
"Exp. 1","EGMM","Strategic",0.405090560741127,-0.43442327337183,0.839513834112958
"Exp. 1","EGMM","FPF",0.457526717887122,-0.0597477233661496,0.517274441253271
"Exp. 1","EIQL","Strategic",0.144715252274022,0.143596847516602,0.00111840475741984
"Exp. 1","EIQL","FPF",0.3806999246591,-0.122819051929436,0.503518976588536
"Exp. 1","EISK","Strategic",0.160093145786275,-0.543273736461703,0.703366882247978
"Exp. 1","EISK","FPF",-0.0586548281207857,0.0793952901549461,-0.138050118275732
"Exp. 1","EJDK","Strategic",0.336511579038471,-0.613005484498709,0.94951706353718
"Exp. 1","EJDK","FPF",0.596406301152528,0.171943443458274,0.424462857694253
"Exp. 1","EMAO","Strategic",1.57882941298086,-2.06786477692519,3.64669418990605
"Exp. 1","EMAO","FPF",0.940778991248331,-2.28962604759902,3.23040503884735
"Exp. 1","ENZE","Strategic",0.323055865240154,-0.0130014502811994,0.336057315521353
"Exp. 1","ENZE","FPF",0.147680021562423,0.0528643967488339,0.0948156248135888
"Exp. 1","EQHC","Strategic",0.42645893890288,-0.297229748719754,0.723688687622634
"Exp. 1","EQHC","FPF",0.22264020396393,0.0972976553816192,0.125342548582311
"Exp. 1","ESBK","Strategic",0.251532809747939,-0.481890926207656,0.733423735955595
"Exp. 1","ESBK","FPF",0.398324932949793,0.0245491865213792,0.373775746428413
"Exp. 1","EZRP","Strategic",0.719822467753106,-0.607120776124869,1.32694324387797
"Exp. 1","EZRP","FPF",0.29508425837804,-0.886970857181231,1.18205511555927
"Exp. 1","FBLT","Strategic",0.842649374213769,-0.607326880039786,1.44997625425355
"Exp. 1","FBLT","FPF",0.635617986030375,0.424073445842753,0.211544540187622
"Exp. 1","FDDG","Strategic",0.245824801818531,-9.86864910777917e-17,0.245824801818531
"Exp. 1","FDDG","FPF",0.107998445261227,0.194659168612442,-0.0866607233512151
"Exp. 1","FGQB","Strategic",0.421571129256284,-0.160093145786275,0.581664275042558
"Exp. 1","FGQB","FPF",0.427183789952871,-0.227245276686251,0.654429066639122
"Exp. 1","FYMC","Strategic",0.277161137383381,0.414046637529614,-0.136885500146233
"Exp. 1","FYMC","FPF",0.205263900231044,0.0984583880528251,0.106805512178219
"Exp. 1","FZXW","Strategic",-0.0975708357775217,0.140107813226184,-0.237678649003706
"Exp. 1","FZXW","FPF",0.132260684581589,-0.0538244580624039,0.186085142643993
"Exp. 1","GITG","Strategic",0.100112886597808,-0.607326880039786,0.707439766637594
"Exp. 1","GITG","FPF",0.191239222197436,-0.561429671759465,0.752668893956901
"Exp. 1","GUPI","Strategic",0.584906275756185,-0.94363235516334,1.52853863091952
"Exp. 1","GUPI","FPF",0.371639382403118,-0.589145748330826,0.960785130733944
"Exp. 1","HCRN","Strategic",0.261455169083162,-0.547299492315543,0.808754661398705
"Exp. 1","HCRN","FPF",0.192607138260363,0.0133206594424048,0.179286478817958
"Exp. 1","HDPY","Strategic",0.330471003057525,0.160803081813811,0.169667921243714
"Exp. 1","HDPY","FPF",-0.159762616835923,0.10892510144915,-0.268687718285073
"Exp. 1","HRQB","Strategic",0.650909758570223,-0.0800054976856466,0.73091525625587
"Exp. 1","HRQB","FPF",-0.0475477072631144,0.102614344867339,-0.150162052130453
"Exp. 1","HYCF","Strategic",0.309840637709485,-0.0767737431725783,0.386614380882064
"Exp. 1","HYCF","FPF",-0.240259129842816,-0.110179525091678,-0.130079604751138
"Exp. 1","IBVV","Strategic",0.0635749893148034,-0.474475788390285,0.538050777705088
"Exp. 1","IBVV","FPF",0.241294082169532,-0.202329147678956,0.443623229848488
"Exp. 1","JMJX","Strategic",0.309870406694243,-0.771298606556624,1.08116901325087
"Exp. 1","JMJX","FPF",0.453444826691331,-1.16546959965992,1.61891442635125
"Exp. 1","JVYU","Strategic",0.630311619505569,0.0115775087846266,0.618734110720942
"Exp. 1","JVYU","FPF",0.401317868137751,0.0877871292727327,0.313530738865018
"Exp. 1","KBLM","Strategic",0.587074500895085,0.227279629525544,0.359794871369541
"Exp. 1","KBLM","FPF",0.536125201531009,0.106735032210382,0.429390169320628
"Exp. 1","KGMJ","Strategic",0.0790092600908561,-0.0416325392944814,0.120641799385337
"Exp. 1","KGMJ","FPF",0.342631965641155,-0.770357658842207,1.11298962448336
"Exp. 1","KKHX","Strategic",0.00695398488790497,-0.323055865240154,0.330009850128059
"Exp. 1","KKHX","FPF",-9.86864910777917e-17,-0.340850180697157,0.340850180697157
"Exp. 1","LJQQ","Strategic",1.02880825629488,-1.13915694715076,2.16796520344564
"Exp. 1","LJQQ","FPF",0.717733314550811,-0.523893339937088,1.2416266544879
"Exp. 1","LOCF","Strategic",0.00695398488790497,-0.0475172476683216,0.0544712325562266
"Exp. 1","LOCF","FPF",0.43380923442009,0.31053780367706,0.123271430743031
"Exp. 1","MBNH","Strategic",-0.0719842084216806,0.0435828785304371,-0.115567086952118
"Exp. 1","MBNH","FPF",0.0713751694336799,-0.130595303732748,0.201970473166428
"Exp. 1","MCIP","Strategic",0.628695258201539,0.61337434543308,0.0153209127684586
"Exp. 1","MCIP","FPF",0.73520530534579,0.429119409470021,0.306085895875769
"Exp. 1","MMZA","Strategic",0.811987859216351,0.244998417502869,0.566989441713482
"Exp. 1","MMZA","FPF",0.567414090445042,0.390411494076936,0.177002596368106
"Exp. 1","MNKG","Strategic",0.182619526345536,-0.364131522252739,0.546751048598276
"Exp. 1","MNKG","FPF",0.499629918041236,-0.785178265510417,1.28480818355165
"Exp. 1","MPNR","Strategic",0.811987859216351,-0.448061807001842,1.26004966621819
"Exp. 1","MPNR","FPF",1.0057606709024,-0.687966131739112,1.69372680264151
"Exp. 1","MXAV","Strategic",0.543273736461703,-0.481890926207656,1.02516466266936
"Exp. 1","MXAV","FPF",0.539025579677623,0.207542773605358,0.331482806072265
"Exp. 1","NBDU","Strategic",0.106477017162994,-0.371291201700224,0.477768218863219
"Exp. 1","NBDU","FPF",0.0895302546842544,-0.462678415421284,0.552208670105538
"Exp. 1","NBKA","Strategic",0.572991052406415,-0.461877970575707,1.03486902298212
"Exp. 1","NBKA","FPF",0.100486696607353,0.116219517308723,-0.0157328207013704
"Exp. 1","NMIG","Strategic",0.272662089306317,-0.509922771519168,0.782584860825485
"Exp. 1","NMIG","FPF",-0.0348916636893408,-0.345665607041707,0.310773943352366
"Exp. 1","NTMC","Strategic",0.374053881587962,0.053073402836338,0.320980478751624
"Exp. 1","NTMC","FPF",0.0471117475378283,-0.0943858617920375,0.141497609329866
"Exp. 1","NZRP","Strategic",-0.0159342903815566,0.178432330741706,-0.194366621123263
"Exp. 1","NZRP","FPF",0.148162470441411,0.108941411578138,0.0392210588632729
"Exp. 1","OJHZ","Strategic",0.61337434543308,-0.197271694189443,0.810646039622524
"Exp. 1","OJHZ","FPF",0.401317868137751,-0.192768291267122,0.594086159404873
"Exp. 1","OQUQ","Strategic",-0.0388212106453314,-0.383042327838081,0.34422111719275
"Exp. 1","OQUQ","FPF",0.330807322612543,-0.329382568921757,0.6601898915343
"Exp. 1","ORUS","Strategic",0.397244724968662,-0.120388847986401,0.517633572955062
"Exp. 1","ORUS","FPF",0.45785144771121,0.110179525091678,0.347671922619532
"Exp. 1","OVHO","Strategic",-0.016361323860724,-0.117184046088815,0.100822722228091
"Exp. 1","OVHO","FPF",0.0922175901130739,-0.226412448332432,0.318630038445506
"Exp. 1","PKUY","Strategic",0.364131522252739,-0.422439350214285,0.786570872467024
"Exp. 1","PKUY","FPF",0.274789554281869,-0.392300767831533,0.667090322113402
"Exp. 1","PKYB","Strategic",0.630311619505569,-0.443069715562325,1.07338133506789
"Exp. 1","PKYB","FPF",0.487691396638403,-0.421700530441029,0.909391927079432
"Exp. 1","QHKB","Strategic",0.55045541875368,-0.233265066930113,0.783720485683793
"Exp. 1","QHKB","FPF",0.471749332996783,0.336511579038471,0.135237753958312
"Exp. 1","QHVC","Strategic",0.761012828817804,-0.481291682505886,1.24230451132369
"Exp. 1","QHVC","FPF",0.367181152162534,-0.665869597828458,1.03305074999099
"Exp. 1","QPQD","Strategic",0.230136774013858,0.120468182032107,0.109668591981751
"Exp. 1","QPQD","FPF",0.0448069475697972,-0.696434775183476,0.741241722753273
"Exp. 1","QYKQ","Strategic",0.252173460868103,-0.540809672962973,0.792983133831076
"Exp. 1","QYKQ","FPF",0.134889194044682,-0.441151310697641,0.576040504742322
"Exp. 1","RIME","Strategic",0.361877075885485,-0.458749677659452,0.820626753544937
"Exp. 1","RIME","FPF",0.689360395679556,0.157122836790065,0.532237558889491
"Exp. 1","RJZG","Strategic",0.182988373972791,-0.628695258201539,0.81168363217433
"Exp. 1","RJZG","FPF",0.422229761892417,-0.149863674374033,0.572093436266451
"Exp. 1","RSAP","Strategic",-0.484602168416215,-0.0235605572225092,-0.461041611193706
"Exp. 1","RSAP","FPF",-0.0386627377438947,-0.175092496700816,0.136429758956921
"Exp. 1","RXDK","Strategic",0.314660832816109,-0.284646012463862,0.599306845279971
"Exp. 1","RXDK","FPF",0.0375499320154697,-0.0746952236213801,0.11224515563685
"Exp. 1","RZLI","Strategic",1.02526890055931,-1.23672778292828,2.26199668348758
"Exp. 1","RZLI","FPF",0.688008062190873,0.398530003790541,0.289478058400332
"Exp. 1","SLMS","Strategic",-0.00839401123336156,-0.0635749893148034,0.0551809780814418
"Exp. 1","SLMS","FPF",0.326699389507936,0.201596392098921,0.125102997409015
"Exp. 1","SNGC","Strategic",0.466452576156636,-0.295811181676909,0.762263757833545
"Exp. 1","SNGC","FPF",0.708755574882995,0.305101317051363,0.403654257831632
"Exp. 1","SXST","Strategic",0.374053881587962,-0.122652136505841,0.496706018093803
"Exp. 1","SXST","FPF",0.157109236596972,-0.203191182407174,0.360300419004147
"Exp. 1","TAQX","Strategic",0.461877970575707,-0.364131522252739,0.826009492828446
"Exp. 1","TAQX","FPF",0.898876619427272,0.129477615259399,0.769399004167873
"Exp. 1","TQWM","Strategic",1.01680957840242,-0.653988021227145,1.67079759962956
"Exp. 1","TQWM","FPF",0.904215375093845,-0.748107763175924,1.65232313826977
"Exp. 1","TTLU","Strategic",0.827209865458307,-0.252678778860292,1.0798886443186
"Exp. 1","TTLU","FPF",0.502481044465699,0.339518114419522,0.162962930046177
"Exp. 1","TTUG","Strategic",0.494958915891776,0.336511579038471,0.158447336853305
"Exp. 1","TTUG","FPF",0.174705770711499,-0.10608804766313,0.280793818374629
"Exp. 1","TVFC","Strategic",0.443069715562325,0.261455169083162,0.181614546479163
"Exp. 1","TVFC","FPF",0.457526717887122,0.268679007945062,0.18884770994206
"Exp. 1","TVWM","Strategic",0.665910143632711,-0.745088147425903,1.41099829105861
"Exp. 1","TVWM","FPF",1.11810747811391,-1.02283463160217,2.14094210971609
"Exp. 1","TWKP","Strategic",0.770809995997293,0.196898245952738,0.573911750044555
"Exp. 1","TWKP","FPF",0.971677509444733,0.937039371018845,0.034638138425888
"Exp. 1","UACQ","Strategic",0.255796749584614,-0.245824801818531,0.501621551403145
"Exp. 1","UACQ","FPF",-0.124870953146582,0.145059430997248,-0.269930384143831
"Exp. 1","UYGH","Strategic",0.421571129256284,-0.192604210190447,0.61417533944673
"Exp. 1","UYGH","FPF",0.682177186080178,0.107998445261227,0.574178740818951
"Exp. 1","UZOU","Strategic",-0.260609379523887,0.177707192599997,-0.438316572123884
"Exp. 1","UZOU","FPF",0.116456275890968,0.169798198979456,-0.0533419230884882
"Exp. 1","VGED","Strategic",0.521912535511276,-0.140986987051055,0.662899522562331
"Exp. 1","VGED","FPF",0.16086383968787,0.252770929057458,-0.0919070893695882
"Exp. 1","VIJE","Strategic",0.503631124559805,-0.346951571572681,0.850582696132486
"Exp. 1","VIJE","FPF",0.850592729445024,0,0.850592729445024
"Exp. 1","VOGH","Strategic",0.233780750996788,0.159521525156364,0.0742592258404249
"Exp. 1","VOGH","FPF",0.362824231547634,-0.0186557805706829,0.381480012118317
"Exp. 1","VQBD","Strategic",0.645013180987919,-0.534169841761083,1.179183022749
"Exp. 1","VQBD","FPF",0.62934439812891,0.166421873957009,0.4629225241719
"Exp. 1","VQKZ","Strategic",-0.0872570689672842,-1.11438041417994,1.02712334521266
"Exp. 1","VQKZ","FPF",0.415894894675861,-1.60378778010163,2.01968267477749
"Exp. 1","VSCA","Strategic",0.682177186080178,-0.484409653230208,1.16658683931039
"Exp. 1","VSCA","FPF",0.130647496980268,-0.0757237234799163,0.206371220460184
"Exp. 1","VVBV","Strategic",0.309870406694243,-0.421571129256283,0.731441535950527
"Exp. 1","VVBV","FPF",0.58072021057925,0.173226480981556,0.407493729597694
"Exp. 1","VWMY","Strategic",0.289614470148537,-0.584906275756185,0.874520745904722
"Exp. 1","VWMY","FPF",-0.0903082309649183,-0.71434261076728,0.624034379802362
"Exp. 1","VWOJ","Strategic",0.665910143632711,-0.421863538483413,1.08777368211612
"Exp. 1","VWOJ","FPF",0.317234640411779,-0.414258930610362,0.731493571022141
"Exp. 1","WBNX","Strategic",0.93359626504945,-0.120468182032107,1.05406444708156
"Exp. 1","WBNX","FPF",0.828958020621448,0.614695060869921,0.214262959751527
"Exp. 1","WKGT","Strategic",0.543273736461703,-0.235221080025883,0.778494816487586
"Exp. 1","WKGT","FPF",0.205263900231044,0.230081803794597,-0.0248179035635525
"Exp. 1","WQPY","Strategic",0.364476884947063,-0.214164210290133,0.578641095237196
"Exp. 1","WQPY","FPF",-0.191006551305846,-0.0972482198368942,-0.0937583314689518
"Exp. 1","WUVQ","Strategic",0.374053881587962,-0.187218270188402,0.561272151776364
"Exp. 1","WUVQ","FPF",0.248367951660088,-0.491897528493931,0.740265480154019
"Exp. 1","WVYT","Strategic",0.565488236830387,-0.327593624969735,0.893081861800122
"Exp. 1","WVYT","FPF",0.802645368112285,0.356722859089511,0.445922509022775
"Exp. 1","WXBC","Strategic",0.578250682243407,-0.292455558962599,0.870706241206006
"Exp. 1","WXBC","FPF",0.976407401505518,-0.428244065094205,1.40465146659972
"Exp. 1","WZGS","Strategic",0.258276105251829,-0.0711902678860203,0.329466373137849
"Exp. 1","WZGS","FPF",0.723004552744866,0.296824982832689,0.426179569912176
"Exp. 1","WZZO","Strategic",0.295811181676909,-0.0235605572225092,0.319371738899418
"Exp. 1","WZZO","FPF",0.332055247079988,0.272526889924507,0.0595283571554819
"Exp. 1","XATH","Strategic",0.182619526345536,-0.460512424550487,0.643131950896024
"Exp. 1","XATH","FPF",0.187155902493632,0.0644951964009416,0.122660706092691
"Exp. 1","XGVC","Strategic",0.197619911408024,0.195524591987416,0.00209531942060776
"Exp. 1","XGVC","FPF",0.367543216746292,0.18717450980457,0.180368706941722
"Exp. 1","XLAF","Strategic",0.352211201409673,-0.372611547143438,0.724822748553111
"Exp. 1","XLAF","FPF",0.708489838589341,-0.3806999246591,1.08918976324844
"Exp. 1","XNLY","Strategic",0.330978755602489,-0.593960633502901,0.92493938910539
"Exp. 1","XNLY","FPF",0.0351732261349954,-0.54821523893051,0.583388465065506
"Exp. 1","YATQ","Strategic",0.230136774013858,-0.0749835042370164,0.305120278250874
"Exp. 1","YATQ","FPF",0.35312790337866,0.178124681595787,0.175003221782872
"Exp. 1","YCTV","Strategic",0.226775247577543,-0.549095346073888,0.775870593651431
"Exp. 1","YCTV","FPF",-0.114677750660155,-0.152282846115229,0.0376050954550738
"Exp. 1","YFIZ","Strategic",-0.0788356427376256,-0.187218270188402,0.108382627450777
"Exp. 1","YFIZ","FPF",-0.0452816132382557,-0.772979608913523,0.727697995675268
"Exp. 1","YJLD","Strategic",0.437297239987117,-0.40642926770736,0.843726507694477
"Exp. 1","YJLD","FPF",-0.0358265702242615,-0.379436236726544,0.343609666502283
"Exp. 1","YMCV","Strategic",0.422665702551884,-0.556583912706527,0.979249615258411
"Exp. 1","YMCV","FPF",-6.16790569236198e-17,-0.166421873957009,0.166421873957009
"Exp. 1","YMKH","Strategic",0.534169841761083,-0.045851771039312,0.580021612800395
"Exp. 1","YMKH","FPF",0.234807027243094,-0.107779219649624,0.342586246892718
"Exp. 1","YMNM","Strategic",0.101058207827979,0.154625055369249,-0.0535668475412699
"Exp. 1","YMNM","FPF",2.05759031741365,-1.74868556390359,3.80627588131724
"Exp. 1","YXUT","Strategic",0.389017929622446,-0.720761743138282,1.10977967276073
"Exp. 1","YXUT","FPF",0.69276021921588,-0.980760208823892,1.67352042803977
"Exp. 1","ZIMB","Strategic",0.217872290552725,-0.336875333184794,0.554747623737518
"Exp. 1","ZIMB","FPF",0.182395277629457,-0.31938456333011,0.501779840959567
"Exp. 1","ZMPE","Strategic",0.64773069473889,-0.412923740994706,1.0606544357336
"Exp. 1","ZMPE","FPF",0.902618343423797,-0.816035163014519,1.71865350643832
"Exp. 1","ZVAE","Strategic",-0.172333748606716,0.0192004856705085,-0.191534234277225
"Exp. 1","ZVAE","FPF",0.385808589682407,0.259192317619419,0.126616272062988
"Exp. 2","4UUC","Baseline",-0.149250149674502,0.0886456091837096,-0.237895758858211
"Exp. 2","4UUC","Strategic",0.113747816009405,-0.363609690801637,0.477357506811042
"Exp. 2","4UUC","FPF",0.261455169083162,0.105366139666735,0.156089029416426
"Exp. 2","AAUN","Baseline",0.392774629056538,0.646993422523858,-0.25421879346732
"Exp. 2","AAUN","Strategic",0.567956535978829,0.427773796644005,0.140182739334824
"Exp. 2","AAUN","FPF",0.166171670754843,-0.270293550432507,0.43646522118735
"Exp. 2","ABEG","Baseline",0.594052584092424,0.41237193481417,0.181680649278254
"Exp. 2","ABEG","Strategic",0.483396712192353,-0.726743168597701,1.21013988079005
"Exp. 2","ABEG","FPF",0.259024420505922,0,0.259024420505922
"Exp. 2","AKJK","Baseline",0.335740011715764,0.281200201057612,0.0545398106581518
"Exp. 2","AKJK","Strategic",0.145262909924272,-0.119004486138873,0.264267396063144
"Exp. 2","AKJK","FPF",-0.324371499737202,-0.744974048432399,0.420602548695197
"Exp. 2","APHY","Baseline",0.427480488253235,0.964112950959784,-0.536632462706549
"Exp. 2","APHY","Strategic",1.45706427313822,0.802645368112285,0.654418905025933
"Exp. 2","APHY","FPF",0.599546444618739,0.0580736141944825,0.541472830424257
"Exp. 2","ASJZ","Baseline",0.228293055969699,0.721604185149224,-0.493311129179525
"Exp. 2","ASJZ","Strategic",0.731020537574721,0.217331239693686,0.513689297881035
"Exp. 2","ASJZ","FPF",-0.134067927195818,-0.258964977477293,0.124897050281476
"Exp. 2","BOFH","Baseline",0.483396712192353,0.266977100616804,0.216419611575549
"Exp. 2","BOFH","Strategic",0.521214917163572,0.248619093779709,0.272595823383863
"Exp. 2","BOFH","FPF",0.17587914502925,-0.0447361729231204,0.22061531795237
"Exp. 2","BRXP","Baseline",-0.162558573661514,-0.128519681683784,-0.0340388919777297
"Exp. 2","BRXP","Strategic",-0.208592784019861,-0.0437889824453543,-0.164803801574507
"Exp. 2","BRXP","FPF",0.0429877549370548,-0.387981873597485,0.43096962853454
"Exp. 2","BUUP","Baseline",0.111922312984892,0.0673658413300183,0.0445564716548734
"Exp. 2","BUUP","Strategic",0.445038323454536,-0.488151214004097,0.933189537458633
"Exp. 2","BUUP","FPF",-7.40148683083438e-17,-0.388025752538345,0.388025752538345
"Exp. 2","BXVI","Baseline",0.345912506590626,0.329969173080433,0.0159433335101937
"Exp. 2","BXVI","Strategic",0.0133998838297975,0.102673117178857,-0.0892732333490597
"Exp. 2","BXVI","FPF",-0.156698904111453,-0.0359667894063945,-0.120732114705059
"Exp. 2","CAWN","Baseline",-0.0996513724417229,0.376584428098221,-0.476235800539944
"Exp. 2","CAWN","Strategic",0.557634844738441,0.20335505003735,0.354279794701091
"Exp. 2","CAWN","FPF",0.212598368483294,-0.237938761814987,0.450537130298281
"Exp. 2","CEHN","Baseline",1.98118642620108,1.69839045523884,0.282795970962239
"Exp. 2","CEHN","Strategic",1.4406735778154,-1.40942038536031,2.85009396317571
"Exp. 2","CEHN","FPF",0.811045305487122,-0.617269862433897,1.42831516792102
"Exp. 2","CERN","Baseline",0.31716282905381,0.158155727214092,0.159007101839718
"Exp. 2","CERN","Strategic",0.140280423634064,-0.0559112589016832,0.196191682535747
"Exp. 2","CERN","FPF",-0.158155727214092,-0.156819921092553,-0.00133580612153847
"Exp. 2","CIBB","Baseline",1.26566310666151,0.50856600954877,0.757097097112736
"Exp. 2","CIBB","Strategic",1.23524456276715,0.781409259956814,0.453835302810332
"Exp. 2","CIBB","FPF",0.992989569716402,0.381588272707223,0.61140129700918
"Exp. 2","CTHZ","Baseline",0.734878731929681,0.543510917632885,0.191367814296797
"Exp. 2","CTHZ","Strategic",0.511533122152254,-0.057564861196259,0.569097983348512
"Exp. 2","CTHZ","FPF",0.0557668428199835,-0.537412096235711,0.593178939055694
"Exp. 2","CTIM","Baseline",0.614384662939399,-0.0201808146168399,0.634565477556239
"Exp. 2","CTIM","Strategic",0.471222505746024,-0.500885619724785,0.972108125470809
"Exp. 2","CTIM","FPF",0.324353079120497,-0.477357506811042,0.801710585931539
"Exp. 2","DDOQ","Baseline",-0.499425652153899,-0.467343251649937,-0.0320824005039619
"Exp. 2","DDOQ","Strategic",-0.556790878056918,-0.135161544394474,-0.421629333662444
"Exp. 2","DDOQ","FPF",-0.205197215451034,-0.5024759128077,0.297278697356666
"Exp. 2","DKGP","Baseline",0.223141299210964,0.318204394096818,-0.0950630948858536
"Exp. 2","DKGP","Strategic",0.251687377816745,-0.105602336356676,0.357289714173421
"Exp. 2","DKGP","FPF",0.343547112653241,-0.158155727214092,0.501702839867333
"Exp. 2","DQDL","Baseline",0.22267904282034,-0.0944176265044048,0.317096669324745
"Exp. 2","DQDL","Strategic",0.465806594974921,0.172381797068015,0.293424797906905
"Exp. 2","DQDL","FPF",0.0467132265185087,-0.0793174991115922,0.126030725630101
"Exp. 2","DQYS","Baseline",0.287339852761751,0.135338506006256,0.152001346755495
"Exp. 2","DQYS","Strategic",0.27485505291296,-0.124053672034713,0.398908724947672
"Exp. 2","DQYS","FPF",0.082539261813961,-0.26567116712999,0.348210428943951
"Exp. 2","DYVG","Baseline",0.0296360455303078,0.167846914320663,-0.138210868790355
"Exp. 2","DYVG","Strategic",0.562657774075463,-0.268489716921023,0.831147490996486
"Exp. 2","DYVG","FPF",0.0737549555135983,-0.0437498852441584,0.117504840757757
"Exp. 2","ECRE","Baseline",0.793449496370163,0.119647784839601,0.673801711530562
"Exp. 2","ECRE","Strategic",0.333051850337703,0.0371541627511566,0.295897687586547
"Exp. 2","ECRE","FPF",0.690307498882537,-0.639725048717952,1.33003254760049
"Exp. 2","EGFE","Baseline",1.35967459125676,0.883579446060691,0.476095145196065
"Exp. 2","EGFE","Strategic",0.742498430085547,0.156687462840424,0.585810967245124
"Exp. 2","EGFE","FPF",0.821776282749378,-0.584941359215801,1.40671764196518
"Exp. 2","EIEB","Baseline",0.248986197896388,0.162035913370431,0.086950284525957
"Exp. 2","EIEB","Strategic",-0.1194016378122,0,-0.1194016378122
"Exp. 2","EIEB","FPF",-0.187700213569564,-0.367521900371624,0.17982168680206
"Exp. 2","EVPU","Baseline",0.367906389055432,0.971666094258027,-0.603759705202595
"Exp. 2","EVPU","Strategic",0.529696076302842,0.488371841711405,0.0413242345914374
"Exp. 2","EVPU","FPF",0.404787574506096,0.158155727214092,0.246631847292004
"Exp. 2","FLZR","Baseline",0.551933735521826,0.615238921980619,-0.0633051864587928
"Exp. 2","FLZR","Strategic",0.95139230963676,0.852522082988267,0.0988702266484932
"Exp. 2","FLZR","FPF",0.763112095509735,0.772884907233337,-0.00977281172360223
"Exp. 2","FMEH","Baseline",0.27832953436525,0.0798025908122343,0.198526943553016
"Exp. 2","FMEH","Strategic",0.332705364473405,-0.21563620692836,0.548341571401765
"Exp. 2","FMEH","FPF",0.737210982507736,-0.358020682268905,1.09523166477664
"Exp. 2","FPXH","Baseline",0.785263820654962,1.20361505273791,-0.418351232082948
"Exp. 2","FPXH","Strategic",0.758496391735224,0.679660748997598,0.0788356427376256
"Exp. 2","FPXH","FPF",0.542116137696419,0.137333526671364,0.404782611025055
"Exp. 2","FWEC","Baseline",0.785917597114758,0.963308783031155,-0.177391185916397
"Exp. 2","FWEC","Strategic",0.392774629056538,0.18717450980457,0.205600119251968
"Exp. 2","FWEC","FPF",0.195755307303248,0.251687377816745,-0.0559320705134974
"Exp. 2","GBDG","Baseline",0.25656891447736,0.824569787199732,-0.568000872722373
"Exp. 2","GBDG","Strategic",-0.0475212647856054,0.0359667894063945,-0.0834880541919999
"Exp. 2","GBDG","FPF",0.475764831312925,0.202650379438482,0.273114451874443
"Exp. 2","GCIL","Baseline",0.585545563793986,0.321849287478025,0.263696276315961
"Exp. 2","GCIL","Strategic",0.02080796235416,-0.109861879739703,0.130669842093863
"Exp. 2","GCIL","FPF",0.328816009999561,0.167396183575515,0.161419826424046
"Exp. 2","GKLU","Baseline",0.124053672034713,0.130029400113347,-0.00597572807863447
"Exp. 2","GKLU","Strategic",0.21358310901702,-0.164257164477461,0.377840273494481
"Exp. 2","GKLU","FPF",0.158155727214092,0.0746316956838727,0.0835240315302191
"Exp. 2","GLQL","Baseline",0.519636653530959,0.41237193481417,0.107264718716789
"Exp. 2","GLQL","Strategic",0.521214917163572,0.621933637614731,-0.100718720451159
"Exp. 2","GLQL","FPF",0.920301860273527,0.243923734818226,0.676378125455301
"Exp. 2","GLTF","Baseline",-0.0979414143172998,0.0618133539113214,-0.159754768228621
"Exp. 2","GLTF","Strategic",0.507308038624935,-0.25562066080819,0.762928699433125
"Exp. 2","GLTF","FPF",-0.178122833687203,-0.137664537888997,-0.0404582957982061
"Exp. 2","GUTN","Baseline",0.0836771189136718,0.372925625145532,-0.28924850623186
"Exp. 2","GUTN","Strategic",0.288916382028051,-0.556583912706527,0.845500294734578
"Exp. 2","GUTN","FPF",0.140113834364936,-0.655336200107436,0.795450034472372
"Exp. 2","HHKV","Baseline",0.611299821861756,0.637522325646021,-0.0262225037842654
"Exp. 2","HHKV","Strategic",0.233838461859614,0.0996513724417229,0.134187089417891
"Exp. 2","HHKV","FPF",0.49797916188597,0.124852534087925,0.373126627798045
"Exp. 2","HISL","Baseline",1.63356949571694,-0.0341020551793792,1.66767155089632
"Exp. 2","HISL","Strategic",0.460821101566922,-0.0890733720151466,0.549894473582068
"Exp. 2","HISL","FPF",0.199123219711458,-0.498738061666897,0.697861281378356
"Exp. 2","HJIG","Baseline",0.802645368112285,0.742829259285096,0.0598161088271892
"Exp. 2","HJIG","Strategic",0.809896326948767,0.424657501920164,0.385238825028603
"Exp. 2","HJIG","FPF",0.335587026956733,-0.335587026956733,0.671174053913466
"Exp. 2","HJUZ","Baseline",-0.167846914320663,0.203856528044698,-0.371703442365362
"Exp. 2","HJUZ","Strategic",0.156168480726386,-0.0326042725930834,0.18877275331947
"Exp. 2","HJUZ","FPF",0.213092391436046,-0.654340709476142,0.867433100912188
"Exp. 2","HNDY","Baseline",-0.194122516620486,0.0986345900963864,-0.292757106716873
"Exp. 2","HNDY","Strategic",0.239464384270601,-0.207269410641275,0.446733794911876
"Exp. 2","HNDY","FPF",-0.143383861539713,-0.31038390739591,0.167000045856197
"Exp. 2","HQWE","Baseline",-0.0122229935461446,0.52055087494351,-0.532773868489654
"Exp. 2","HQWE","Strategic",0.227570167460333,0.41413330394654,-0.186563136486207
"Exp. 2","HQWE","FPF",0.043342511540802,-0.401338649107429,0.444681160648231
"Exp. 2","HTIY","Baseline",0.424354993518899,0.513206048779596,-0.0888510552606969
"Exp. 2","HTIY","Strategic",0.71514624056425,1.079268445485,-0.364122204920749
"Exp. 2","HTIY","FPF",0.344274349331482,0.184218276834831,0.160056072496651
"Exp. 2","IDGL","Baseline",0.389688588004008,0.258964977477293,0.130723610526714
"Exp. 2","IDGL","Strategic",0.195524591987416,-0.497979161885969,0.693503753873385
"Exp. 2","IDGL","FPF",0.130597120581747,-0.0210856586909351,0.151682779272682
"Exp. 2","IDLG","Baseline",0.292004189540847,0.186563136486207,0.10544105305464
"Exp. 2","IDLG","Strategic",0.653631107474397,-0.27485505291296,0.928486160387357
"Exp. 2","IDLG","FPF",0.20437086566146,-0.138630778293917,0.343001643955376
"Exp. 2","ILWK","Baseline",0.192803243083242,0.683117108871346,-0.490313865788104
"Exp. 2","ILWK","Strategic",-0.172147436353135,0.0451209785336081,-0.217268414886743
"Exp. 2","ILWK","FPF",-0.161384473004265,-0.229857362482627,0.0684728894783625
"Exp. 2","IQNX","Baseline",0,0.0416325392944815,-0.0416325392944815
"Exp. 2","IQNX","Strategic",0.471222505746024,-0.135544295822838,0.606766801568862
"Exp. 2","IQNX","FPF",-0.359523530763736,-0.295820265103089,-0.0637032656606471
"Exp. 2","ISNL","Baseline",0.635293769156071,0.602254557092518,0.0330392120635539
"Exp. 2","ISNL","Strategic",0.387453765417759,-0.29977322230937,0.687226987727129
"Exp. 2","ISNL","FPF",0.46063706199724,0.0293082089128846,0.431328853084355
"Exp. 2","JHKR","Baseline",-0.175396281719268,0.269202706754814,-0.444598988474082
"Exp. 2","JHKR","Strategic",0.0953145224255264,-0.248386977050717,0.343701499476243
"Exp. 2","JHKR","FPF",0.0313948100169605,0.345457158428138,-0.314062348411177
"Exp. 2","JIZI","Baseline",0.726743168597701,0.955147738139043,-0.228404569541342
"Exp. 2","JIZI","Strategic",0.603968409479054,0.124749782574885,0.479218626904169
"Exp. 2","JIZI","FPF",0.452024835148389,-0.358020682268905,0.810045517417293
"Exp. 2","JLUU","Baseline",0.194122516620486,0.892342632040368,-0.698220115419882
"Exp. 2","JLUU","Strategic",0.601218681115231,-9.86864910777917e-17,0.601218681115231
"Exp. 2","JLUU","FPF",-0.0370708470422447,0.212949992071495,-0.250020839113739
"Exp. 2","JNJU","Baseline",0.729477609144746,0.621218743609779,0.108258865534968
"Exp. 2","JNJU","Strategic",0.52908876613266,-0.232436386492684,0.761525152625344
"Exp. 2","JNJU","FPF",-0.273083447986553,-0.387981873597485,0.114898425610932
"Exp. 2","JVFG","Baseline",-0.350329720148085,-0.1125987125048,-0.237731007643285
"Exp. 2","JVFG","Strategic",0.601218681115231,-0.416835177046661,1.01805385816189
"Exp. 2","JVFG","FPF",0.293768226134077,0.100499110257814,0.193269115876263
"Exp. 2","KOTA","Baseline",0.0652199802162438,0.183099063268189,-0.117879083051945
"Exp. 2","KOTA","Strategic",0.539136070364098,0.139543163760051,0.399592906604047
"Exp. 2","KOTA","FPF",0.516486549488384,-0.0341020551793792,0.550588604667763
"Exp. 2","KQKD","Baseline",-0.136452104303703,-0.356994731018754,0.220542626715051
"Exp. 2","KQKD","Strategic",0.0559112589016831,-0.670513543980316,0.726424802882
"Exp. 2","KQKD","FPF",0.181618533230972,-0.52700345855898,0.708621991789951
"Exp. 2","KRXX","Baseline",-0.0662302590445844,0.154205455320498,-0.220435714365083
"Exp. 2","KRXX","Strategic",0.195524591987416,-0.0559112589016832,0.251435850889099
"Exp. 2","KRXX","FPF",-0.0865386642157271,-0.368008513813756,0.281469849598029
"Exp. 2","KYQO","Baseline",0.760547531317271,0.535256619680842,0.225290911636428
"Exp. 2","KYQO","Strategic",0.663032035026552,0.477357506811042,0.18567452821551
"Exp. 2","KYQO","FPF",0.575725966107908,0.145822597028802,0.429903369079106
"Exp. 2","LLES","Baseline",-0.279339843799447,0.0393700569545198,-0.318709900753966
"Exp. 2","LLES","Strategic",0,-0.643819630848154,0.643819630848154
"Exp. 2","LLES","FPF",-0.121500592629866,-0.331320384355861,0.209819791725995
"Exp. 2","LWOE","Baseline",0.398667678773426,0.781596441792909,-0.382928763019483
"Exp. 2","LWOE","Strategic",0.583942277370392,0.351900998529668,0.232041278840724
"Exp. 2","LWOE","FPF",-0.137333526671364,-0.34803834949244,0.210704822821076
"Exp. 2","MCNR","Baseline",0.740017826257171,0.699841563614438,0.0401762626427322
"Exp. 2","MCNR","Strategic",0.741758941412903,0.50856600954877,0.233192931864133
"Exp. 2","MCNR","FPF",0.18717450980457,0.332215030777501,-0.145040520972931
"Exp. 2","MFFP","Baseline",1.2864681224949,0.508896749031736,0.777571373463169
"Exp. 2","MFFP","Strategic",1.15793467644121,-0.317119528435926,1.47505420487713
"Exp. 2","MFFP","FPF",0.607120776124869,-0.285845230299847,0.892966006424716
"Exp. 2","MKTS","Baseline",0.751504706767019,0.486652594092762,0.264852112674257
"Exp. 2","MKTS","Strategic",0.0700688445857737,0.143383861539713,-0.0733150169539391
"Exp. 2","MKTS","FPF",0.611417324385839,0.0442131517895119,0.567204172596327
"Exp. 2","NBUX","Baseline",-0.395417081780996,0.0105868476628005,-0.406003929443796
"Exp. 2","NBUX","Strategic",-0.130266200388807,-0.11559979594551,-0.014666404443297
"Exp. 2","NBUX","FPF",-0.184239244755561,-0.195755307303248,0.0115160625476869
"Exp. 2","NIXY","Baseline",0.611922085775663,1.13796100104693,-0.526038915271264
"Exp. 2","NIXY","Strategic",0.454129995284142,0.0986345900963864,0.355495405187756
"Exp. 2","NIXY","FPF",0.226664740818893,0.167396183575515,0.059268557243378
"Exp. 2","NQPS","Baseline",0.44349775467188,0.0203748663221531,0.423122888349727
"Exp. 2","NQPS","Strategic",0.471222505746024,-0.453151459354928,0.924373965100952
"Exp. 2","NQPS","FPF",0.852810778453247,-0.515581122846944,1.36839190130019
"Exp. 2","NXPO","Baseline",-0.681983256273829,0.0102377292775209,-0.69222098555135
"Exp. 2","NXPO","Strategic",-0.21449387328515,-0.12791879501861,-0.0865750782665399
"Exp. 2","NXPO","FPF",-0.237465028161288,-0.338437872072801,0.100972843911513
"Exp. 2","OBWT","Baseline",0.0876096761219122,0.50714082004794,-0.419531143926028
"Exp. 2","OBWT","Strategic",0.211156095825567,0.419512092163227,-0.208355996337661
"Exp. 2","OBWT","FPF",0.228751338561037,0.101824294240975,0.126927044320062
"Exp. 2","OETS","Baseline",0.254652243775762,0.408228896854666,-0.153576653078904
"Exp. 2","OETS","Strategic",-0.835249640705369,-0.443242697340753,-0.392006943364616
"Exp. 2","OETS","FPF",0.20869962287969,0.106026505700833,0.102673117178857
"Exp. 2","OFMV","Baseline",-0.0871224684479456,-0.157718759281391,0.0705962908334453
"Exp. 2","OFMV","Strategic",-0.0660949544540997,-0.41504122182474,0.348946267370641
"Exp. 2","OFMV","FPF",0.59128784208337,-0.556239571686719,1.14752741377009
"Exp. 2","PJHY","Baseline",0.686388075482168,0.478495189244044,0.207892886238124
"Exp. 2","PJHY","Strategic",0.76261421314954,0.122186757566987,0.640427455582553
"Exp. 2","PJHY","FPF",0.396406337977233,0.0282031464078748,0.368203191569358
"Exp. 2","PMHD","Baseline",-0.314926229799617,0.410692019903155,-0.725618249702772
"Exp. 2","PMHD","Strategic",0.348222389062122,0.752390477366336,-0.404168088304214
"Exp. 2","PMHD","FPF",0.571801447662181,-0.404320435162493,0.976121882824674
"Exp. 2","PNCY","Baseline",0.360983498334623,1.05239232243782,-0.691408824103195
"Exp. 2","PNCY","Strategic",0.699841563614438,0.551005452323621,0.148836111290818
"Exp. 2","PNCY","FPF",0.791317485196456,0.24699488654643,0.544322598650026
"Exp. 2","PPFQ","Baseline",0.483396712192353,0.693867508019708,-0.210470795827355
"Exp. 2","PPFQ","Strategic",0.698249581438396,0.0451209785336081,0.653128602904788
"Exp. 2","PPFQ","FPF",0.146243099498942,-0.597778719146557,0.744021818645499
"Exp. 2","PQEJ","Baseline",0.0326042725930834,0.516486549488384,-0.4838822768953
"Exp. 2","PQEJ","Strategic",0.589425975460357,0.813366154774533,-0.223940179314176
"Exp. 2","PQEJ","FPF",0.838179950794534,0.198187448559419,0.639992502235115
"Exp. 2","PWQC","Baseline",0.519475929687707,0.52797173075968,-0.00849580107197268
"Exp. 2","PWQC","Strategic",0.177217407045763,0.21449387328515,-0.0372764662393867
"Exp. 2","PWQC","FPF",0.189364281409536,0.410416974657917,-0.221052693248381
"Exp. 2","PYUR","Baseline",0.219368194460239,0.406088534589596,-0.186720340129357
"Exp. 2","PYUR","Strategic",0.292372901570978,0.367906389055432,-0.075533487484454
"Exp. 2","PYUR","FPF",0.359523530763736,0.0313948100169605,0.328128720746776
"Exp. 2","QESP","Baseline",0.572469003578414,0.469921545662524,0.102547457915891
"Exp. 2","QESP","Strategic",1.280895011777,-0.432275022961141,1.71317003473814
"Exp. 2","QESP","FPF",0.122160958663963,0.226664740818893,-0.104503782154929
"Exp. 2","QGAR","Baseline",0.22710302811673,0.076397514879034,0.150705513237696
"Exp. 2","QGAR","Strategic",0.722276270650084,-0.776358707810397,1.49863497846048
"Exp. 2","QGAR","FPF",0.852810778453247,-0.730027371279709,1.58283814973296
"Exp. 2","QGKZ","Baseline",1.03529978762877,0.465374889292886,0.56992489833588
"Exp. 2","QGKZ","Strategic",0.914437278798543,0.492693370026468,0.421743908772074
"Exp. 2","QGKZ","FPF",0.303031997839629,0.288332629418806,0.0146993684208226
"Exp. 2","QKVR","Baseline",0.744125797340046,0.110095688558694,0.634030108781353
"Exp. 2","QKVR","Strategic",0.28959930972431,0.559561139980374,-0.269961830256064
"Exp. 2","QKVR","FPF",0.461187725053721,0.0231993017988731,0.437988423254848
"Exp. 2","QSOU","Baseline",1.13796100104693,1.36474356573682,-0.226782564689889
"Exp. 2","QSOU","Strategic",0.698716690388192,0.216849380798085,0.481867309590107
"Exp. 2","QSOU","FPF",0.618447343918077,0.539262054439341,0.0791852894787355
"Exp. 2","QTKZ","Baseline",-0.555739130962517,-0.38885536864139,-0.166883762321128
"Exp. 2","QTKZ","Strategic",0.0612124672461472,-0.0709822506456795,0.132194717891827
"Exp. 2","QTKZ","FPF",0.166171670754843,-0.164486471090179,0.330658141845022
"Exp. 2","QUTK","Baseline",-0.0986345900963866,-0.0578458510396294,-0.0407887390567572
"Exp. 2","QUTK","Strategic",0.0107207866622477,-0.307870332629891,0.318591119292139
"Exp. 2","QUTK","FPF",-0.0618133539113214,-0.43401499527024,0.372201641358919
"Exp. 2","ROCT","Baseline",0.0107207866622477,0.404320435162493,-0.393599648500245
"Exp. 2","ROCT","Strategic",0.477357506811042,-0.353635463312808,0.83099297012385
"Exp. 2","ROCT","FPF",0.639725048717952,-0.954635072694221,1.59436012141217
"Exp. 2","SDCS","Baseline",0.493676274060794,0.52937397190293,-0.0356976978421366
"Exp. 2","SDCS","Strategic",0.420977775464413,-0.0326042725930834,0.453582048057496
"Exp. 2","SDCS","FPF",0.417903807829892,0.359335490934988,0.0585683168949039
"Exp. 2","SFGE","Baseline",-0.0600545894246687,-0.0825512219321313,0.0224966325074627
"Exp. 2","SFGE","Strategic",-0.186563136486207,-0.0994192557127305,-0.0871438807734763
"Exp. 2","SFGE","FPF",0.18717450980457,-0.430095352629328,0.617269862433897
"Exp. 2","TDUW","Baseline",0.244119477629294,0.158155727214092,0.0859637504152027
"Exp. 2","TDUW","Strategic",0.511266391278226,0.0145324420313977,0.496733949246828
"Exp. 2","TDUW","FPF",0.0475292629800905,-0.0890733720151466,0.136602634995237
"Exp. 2","TOTL","Baseline",0.124505373485101,0.223047644348067,-0.0985422708629663
"Exp. 2","TOTL","Strategic",0.01176074195028,-0.288616750448029,0.300377492398309
"Exp. 2","TOTL","FPF",-0.0153184165015483,-0.0164698196299534,0.0011514031284051
"Exp. 2","ULCR","Baseline",0.0343561381230592,0.0232087230731999,0.0111474150498592
"Exp. 2","ULCR","Strategic",0.685587845847612,-0.264018635654931,0.949606481502543
"Exp. 2","ULCR","FPF",0.0418388508104606,-0.673827103897332,0.715665954707792
"Exp. 2","UQBI","Baseline",1.03081927873225,0.67265503021477,0.358164248517476
"Exp. 2","UQBI","Strategic",0.591360672523954,-0.158155727214092,0.749516399738046
"Exp. 2","UQBI","FPF",0.338437872072801,-0.50699355234135,0.845431424414151
"Exp. 2","UWDL","Baseline",0.781409259956814,0.351126810123112,0.430282449833702
"Exp. 2","UWDL","Strategic",1.00269551503568,1.27138789757855,-0.268692382542863
"Exp. 2","UWDL","FPF",0.461187725053721,0.51057781241999,-0.0493900873662694
"Exp. 2","VBOH","Baseline",-0.138476646691878,0.560293989910094,-0.698770636601973
"Exp. 2","VBOH","Strategic",-0.1194016378122,0.111454490947947,-0.230856128760148
"Exp. 2","VBOH","FPF",-0.106026505700833,-9.86864910777917e-17,-0.106026505700833
"Exp. 2","VPXF","Baseline",0.109881334369307,0.0480937643184224,0.0617875700508842
"Exp. 2","VPXF","Strategic",0.429903369079106,-0.521285641467066,0.951189010546172
"Exp. 2","VPXF","FPF",0.27707102658591,-0.207362496689576,0.484433523275486
"Exp. 2","VWJJ","Baseline",0.15931360503557,0.634798453791622,-0.475484848756052
"Exp. 2","VWJJ","Strategic",0.485525839676359,-0.245836270322482,0.731362109998841
"Exp. 2","VWJJ","FPF",0.242203155509542,-0.270514853267754,0.512718008777296
"Exp. 2","VXJE","Baseline",0.662309146517186,-0.0201808146168399,0.682489961134026
"Exp. 2","VXJE","Strategic",0.513728986084234,0.0559855411102149,0.457743444974019
"Exp. 2","VXJE","FPF",0.0639990826100439,-0.0168430611800464,0.0808421437900903
"Exp. 2","VZVT","Baseline",0.9755317765773,0.254076442637388,0.721455333939912
"Exp. 2","VZVT","Strategic",0.318204394096818,0.0660949544540998,0.252109439642718
"Exp. 2","VZVT","FPF",0.29977322230937,0.0737549555135983,0.226018266795771
"Exp. 2","WFTB","Baseline",0.050629329280986,0.602908157044872,-0.552278827763886
"Exp. 2","WFTB","Strategic",0.449743177428676,-0.164293973359655,0.614037150788331
"Exp. 2","WFTB","FPF",-0.0663497024332949,0,-0.0663497024332949
"Exp. 2","WQLB","Baseline",-0.203856528044698,0.225153664625767,-0.429010192670466
"Exp. 2","WQLB","Strategic",0.485268096851848,-0.498738061666897,0.984006158518745
"Exp. 2","WQLB","FPF",-0.128478918663085,-0.514872514630027,0.386393595966942
"Exp. 2","WSJX","Baseline",1.17086832654939,0.290001247688943,0.880867078860451
"Exp. 2","WSJX","Strategic",0.923138477837407,0.0930280358943125,0.830110441943095
"Exp. 2","WSJX","FPF",0.913315936027303,-1.05516478311642,1.96848071914372
"Exp. 2","WYQC","Baseline",-0.293540846215863,-0.595319025177245,0.301778178961381
"Exp. 2","WYQC","Strategic",0.0486978631126917,-1.25445582135071,1.3031536844634
"Exp. 2","WYQC","FPF",0.0296360455303078,-0.945801669745759,0.975437715276067
"Exp. 2","XIWA","Baseline",0.169551334313091,0.544689695896259,-0.375138361583167
"Exp. 2","XIWA","Strategic",0.0981011377894232,0.0890733720151465,0.00902776577427671
"Exp. 2","XIWA","FPF",0.0467132265185087,-0.192615275043998,0.239328501562507
"Exp. 2","XOIY","Baseline",0.703176377337004,1.10509993801084,-0.401923560673835
"Exp. 2","XOIY","Strategic",0.785917597114758,0.278199496741319,0.50771810037344
"Exp. 2","XOIY","FPF",0.29644222031956,0.324912723259828,-0.0284705029402679
"Exp. 2","YAVY","Baseline",1.45706427313822,0.781409259956814,0.675655013181405
"Exp. 2","YAVY","Strategic",0.399304417582312,0.302849715533159,0.0964547020491526
"Exp. 2","YAVY","FPF",-0.118958976940933,-0.391589499206908,0.272630522265975
"Exp. 2","YBSJ","Baseline",0.254652243775762,0.0717703189194153,0.182881924856346
"Exp. 2","YBSJ","Strategic",-0.273500978766344,-0.327642901395242,0.0541419226288988
"Exp. 2","YBSJ","FPF",0.457211869065341,-0.0639990826100441,0.521210951675385
"Exp. 2","YFXE","Baseline",0.4279609784801,0.872663551518155,-0.444702573038054
"Exp. 2","YFXE","Strategic",0.233838461859614,-0.014592122234765,0.248430584094379
"Exp. 2","YFXE","FPF",-0.101344714680759,-0.262065043778189,0.160720329097429
"Exp. 2","YHZS","Baseline",0.854958544604747,0.396799997003123,0.458158547601625
"Exp. 2","YHZS","Strategic",0.865436088018606,-0.544689695896259,1.41012578391486
"Exp. 2","YHZS","FPF",0.113419554290971,0.363609690801637,-0.250190136510666
"Exp. 2","YIRJ","Baseline",0.340018542552166,0.543030002805802,-0.203011460253636
"Exp. 2","YIRJ","Strategic",-9.86864910777917e-17,0.522872715177902,-0.522872715177902
"Exp. 2","YIRJ","FPF",0.175526379562462,0,0.175526379562462
"Exp. 2","YMEK","Baseline",0.507961515539611,0.351900998529668,0.156060517009943
"Exp. 2","YMEK","Strategic",0.740832014200964,-0.0751837924623149,0.816015806663279
"Exp. 2","YMEK","FPF",0.0793174991115922,-0.187700213569564,0.267017712681156
"Exp. 2","YRMB","Baseline",0.14970185112489,0.620903758636572,-0.471201907511682
"Exp. 2","YRMB","Strategic",0.0271615813648668,-0.146601251834881,0.173762833199748
"Exp. 2","YRMB","FPF",0.0565572414634341,-0.0978763781303521,0.154433619593786
"Exp. 2","ZESX","Baseline",0.307870332629891,0.835249640705369,-0.527379308075477
"Exp. 2","ZESX","Strategic",0.331604277926615,-0.304725556068134,0.63632983399475
"Exp. 2","ZESX","FPF",0.485525839676359,-0.27707102658591,0.762596866262269
"Exp. 2","ZFDJ","Baseline",0.669427935358095,0.315673038167997,0.353754897190098
"Exp. 2","ZFDJ","Strategic",0.417097363798042,0.0141575553020513,0.402939808495991
"Exp. 2","ZFDJ","FPF",0.144974694875396,0.172381797068015,-0.0274071021926189
"Exp. 2","ZQKO","Baseline",0.902299597048462,1.24514898582799,-0.342849388779523
"Exp. 2","ZQKO","Strategic",0.986326712099325,0.614303885701786,0.37202282639754
"Exp. 2","ZQKO","FPF",0.681630615671996,0.560966369338538,0.120664246333458
"Exp. 2","aoox","Baseline",-0.120468182032107,0.302943890023199,-0.423412072055306
"Exp. 2","aoox","Strategic",-0.143458834254877,-0.472905811319514,0.329446977064637
"Exp. 2","aoox","FPF",-0.0319673870046284,-0.235273355490514,0.203305968485886
"Exp. 2","exew","Baseline",0.0343561381230592,-0.267667530678476,0.302023668801535
"Exp. 2","exew","Strategic",0.113747816009405,-0.395586598158669,0.509334414168074
"Exp. 2","exew","FPF",-0.193351860008893,-0.257934371498909,0.064582511490016
"Exp. 2","jmnd","Baseline",0.5867943774033,0.663102204352234,-0.0763078269489337
"Exp. 2","jmnd","Strategic",0.474373174319331,-0.00702992266939452,0.481403096988726
"Exp. 2","jmnd","FPF",0.128478918663086,0.0153184165015481,0.113160502161537
"Exp. 2","jocc","Baseline",0.838402849978485,0.336511579038471,0.501891270940014
"Exp. 2","jocc","Strategic",0.369648896182948,-0.358293777987047,0.727942674169995
"Exp. 2","jocc","FPF",-0.0697915894936391,0.0565572414634341,-0.126348830957073
"Exp. 2","ptqy","Baseline",0.215918002113282,0.471026762934955,-0.255108760821673
"Exp. 2","ptqy","Strategic",0.360985689555517,-0.468351451149497,0.829337140705014
"Exp. 2","ptqy","FPF",0.275657789314067,-0.128478918663085,0.404136707977153
"Exp. 2","xjwa","Baseline",0.905318485291142,0.704975423022459,0.200343062268684
"Exp. 2","xjwa","Strategic",0.956690666569018,0.321849287478025,0.634841379090993
"Exp. 2","xjwa","FPF",0.56711587876937,0.266184219572781,0.300931659196589
"Exp. 3","BFTW","Strategic",0.7449740484324,0.738066748416012,0.00690730001638795
"Exp. 3","BFTW","FPF",0.324912723259828,0.0144416763312737,0.310471046928554
"Exp. 3","BKGH","Strategic",0.359404054957582,0.595319025177245,-0.235914970219662
"Exp. 3","BKGH","FPF",0.341653037718624,0.118958976940933,0.222694060777691
"Exp. 3","BPVX","Strategic",0.560512452742231,1.10042882685878,-0.539916374116545
"Exp. 3","BPVX","FPF",0.728500351773634,0.242203155509542,0.486297196264092
"Exp. 3","BRCW","Strategic",0.720500337284372,0.069066187453671,0.651434149830701
"Exp. 3","BRCW","FPF",0.478339993462964,0.486652594092762,-0.00831260062979805
"Exp. 3","BZGK","Strategic",1.10881412532098,-0.734365955248556,1.84318008056954
"Exp. 3","BZGK","FPF",0.737210982507736,0.235273355490514,0.501937627017222
"Exp. 3","CBTN","Strategic",0.290001247688943,-0.124911363592366,0.414912611281309
"Exp. 3","CBTN","FPF",-0.0151001273928126,-0.333596673161166,0.318496545768354
"Exp. 3","CHBN","Strategic",0.730862650021742,-0.312871035720863,1.04373368574261
"Exp. 3","CHBN","FPF",0.401549274023547,-0.203305968485886,0.604855242509432
"Exp. 3","CPZH","Strategic",0.0293082089128846,-0.0636586321524426,0.0929668410653273
"Exp. 3","CPZH","FPF",0.0843469915449529,-0.26093657362278,0.345283565167733
"Exp. 3","CTSB","Strategic",0.0561829548131461,0.284628651572874,-0.228445696759728
"Exp. 3","CTSB","FPF",-0.254644549224164,-0.0697085298963334,-0.184936019327831
"Exp. 3","DBZM","Strategic",0.0431504006344218,-0.78689554391402,0.830045944548442
"Exp. 3","DBZM","FPF",0.165148713601018,-0.143424624560411,0.30857333816143
"Exp. 3","DCSK","Strategic",0.136602634995237,-0.0864327379222157,0.223035372917453
"Exp. 3","DCSK","FPF",0.240675377499576,-0.18717450980457,0.427849887304146
"Exp. 3","DRNY","Strategic",0.251687377816745,0.469427540467765,-0.21774016265102
"Exp. 3","DRNY","FPF",0.239488832129972,0.166171670754843,0.0733171613751285
"Exp. 3","DZFG","Strategic",0.631890602622825,0.429301010264403,0.202589592358422
"Exp. 3","DZFG","FPF",-0.184218276834831,-0.643488707063982,0.459270430229151
"Exp. 3","FGYC","Strategic",-0.340825176309659,-0.0419214954816211,-0.298903680828038
"Exp. 3","FGYC","FPF",0.102301034119379,-0.207933691545547,0.310234725664926
"Exp. 3","FMXR","Strategic",5.85951040774388e-17,-0.662309146517186,0.662309146517186
"Exp. 3","FMXR","FPF",0.177217407045763,-0.150921863708994,0.328139270754757
"Exp. 3","FNYS","Strategic",0.266410473241767,-0.100262679629119,0.366673152870887
"Exp. 3","FNYS","FPF",0.0248209158803193,-7.40148683083438e-17,0.0248209158803193
"Exp. 3","FVYN","Strategic",0.207933691545547,0.0779478068744514,0.129985884671095
"Exp. 3","FVYN","FPF",-0.129414689815125,-0.0944176265044048,-0.0349970633107202
"Exp. 3","FYQK","Strategic",-0.479276611008827,-0.788463401939378,0.309186790930551
"Exp. 3","FYQK","FPF",0.331424632134051,-0.0864327379222157,0.417857370056266
"Exp. 3","GBXV","Strategic",-0.269528524180061,-0.377578862526225,0.108050338346163
"Exp. 3","GBXV","FPF",0.363609690801637,-0.293540846215863,0.6571505370175
"Exp. 3","GFKQ","Strategic",-0.168879239646534,-0.254644549224164,0.0857653095776297
"Exp. 3","GFKQ","FPF",0.361800060004837,-0.0767182967879487,0.438518356792786
"Exp. 3","GFLT","Strategic",0.446709069987717,-0.0182433715912364,0.464952441578953
"Exp. 3","GFLT","FPF",0.395598909387906,0.386889624194043,0.00870928519386266
"Exp. 3","GHQC","Strategic",-0.46063706199724,-0.471303490020902,0.0106664280236626
"Exp. 3","GHQC","FPF",-0.0682952926244907,-0.570658861264281,0.502363568639791
"Exp. 3","GLRP","Strategic",0.169390777026189,-0.0779413775845603,0.24733215461075
"Exp. 3","GLRP","FPF",-0.090193571659335,-0.226664740818893,0.136471169159558
"Exp. 3","GLXR","Strategic",0.831725119762311,0.162238456729785,0.669486663032527
"Exp. 3","GLXR","FPF",0.707218258188083,0.285997378547359,0.421220879640725
"Exp. 3","GQVT","Strategic",0.776937558408216,0.167396183575515,0.609541374832701
"Exp. 3","GQVT","FPF",-0.0467132265185087,0.0888963200367821,-0.135609546555291
"Exp. 3","GVLB","Strategic",0.286515896489373,-0.313911067122934,0.600426963612306
"Exp. 3","GVLB","FPF",0.298970185040566,0.0908772481845743,0.208092936855992
"Exp. 3","GXFY","Strategic",-0.199123219711458,-0.285845230299847,0.0867220105883883
"Exp. 3","GXFY","FPF",-0.0313948100169606,-0.200281660027921,0.16888685001096
"Exp. 3","HCVB","Strategic",0.570658861264281,-0.282525742577032,0.853184603841313
"Exp. 3","HCVB","FPF",0.56040754960636,-0.126144662640349,0.686552212246709
"Exp. 3","HCXG","Strategic",0.357993764033033,0.0639990826100439,0.293994681422989
"Exp. 3","HCXG","FPF",0.477357506811042,-0.0308802924770104,0.508237799288052
"Exp. 3","HRZP","Strategic",-0.240675377499576,-0.1950975056388,-0.0455778718607758
"Exp. 3","HRZP","FPF",-0.0144416763312738,0.0872009067265668,-0.101642583057841
"Exp. 3","KBGR","Strategic",0.430370861129315,-0.424483346993515,0.85485420812283
"Exp. 3","KBGR","FPF",0.113419554290971,-0.26567116712999,0.379090721420962
"Exp. 3","KFHT","Strategic",0.23576567567842,-0.100262679629119,0.336028355307539
"Exp. 3","KFHT","FPF",0.0453234867709881,0.0413191366669181,0.00400435010406995
"Exp. 3","KFTZ","Strategic",0.0914493994416291,-0.275657789314067,0.367107188755696
"Exp. 3","KFTZ","FPF",-0.214223347104271,-0.130504180527254,-0.0837191665770168
"Exp. 3","KTBH","Strategic",0.903916197701256,0.632740475318052,0.271175722383204
"Exp. 3","KTBH","FPF",0.189364281409536,-0.335587026956733,0.524951308366269
"Exp. 3","KXZM","Strategic",0.670504654735274,0.114509746938498,0.555994907796776
"Exp. 3","KXZM","FPF",0.740934138959288,0.368495479176295,0.372438659782992
"Exp. 3","LNDP","Strategic",0.606140165847295,-0.154910067921947,0.761050233769241
"Exp. 3","LNDP","FPF",0.213092391436046,-0.0699158598267425,0.283008251262789
"Exp. 3","LTZX","Strategic",0.055849487491144,-0.352423054254863,0.408272541746007
"Exp. 3","LTZX","FPF",0.484186312829983,-0.142420605739435,0.626606918569418
"Exp. 3","LZPK","Strategic",0.187712304187155,-0.134067927195818,0.321780231382973
"Exp. 3","LZPK","FPF",0.0600545894246685,-0.394287359563945,0.454341948988613
"Exp. 3","MDBT","Strategic",0.226664740818893,-0.161384473004265,0.388049213823157
"Exp. 3","MDBT","FPF",0.104635247990609,0.267246970727871,-0.162611722737262
"Exp. 3","MHKL","Strategic",0.0172589939993329,0.0475292629800905,-0.0302702689807577
"Exp. 3","MHKL","FPF",-0.028546078605781,0.0779478068744514,-0.106493885480232
"Exp. 3","MHVX","Strategic",0.271903543223497,-0.358020682268905,0.629924225492402
"Exp. 3","MHVX","FPF",0.26093657362278,-0.441390717404647,0.702327291027427
"Exp. 3","MXGP","Strategic",0.456121820058328,-0.298952380523198,0.755074200581526
"Exp. 3","MXGP","FPF",0.13318132659639,-0.279599159139513,0.412780485735903
"Exp. 3","NDRL","Strategic",0.261455169083162,0.381588272707223,-0.120133103624061
"Exp. 3","NDRL","FPF",0.488658474729981,0.0143237289503241,0.474334745779657
"Exp. 3","NPKB","Strategic",0.196651346403819,0,0.196651346403819
"Exp. 3","NPKB","FPF",0.804477304668945,0.369843958900137,0.434633345768808
"Exp. 3","NSVX","Strategic",0.212598368483294,-0.349668003725287,0.562266372208581
"Exp. 3","NSVX","FPF",0.443242697340753,0.0565572414634341,0.386685455877319
"Exp. 3","NVPY","Strategic",0.161220465027038,0.324595033547837,-0.163374568520799
"Exp. 3","NVPY","FPF",0.387981873597485,0.116437808191656,0.271544065405829
"Exp. 3","NVQM","Strategic",0.497423203628881,0.354567487166773,0.142855716462108
"Exp. 3","NVQM","FPF",0.709707624688278,0.366566862209056,0.343140762479223
"Exp. 3","NXZB","Strategic",0.567420499687341,-0.191228043726446,0.758648543413788
"Exp. 3","NXZB","FPF",0.0991707097502008,0.205197215451034,-0.106026505700833
"Exp. 3","NYXL","Strategic",-0.363946150684466,-0.570658861264281,0.206712710579815
"Exp. 3","NYXL","FPF",0.198139057759471,0.118958976940933,0.0791800808185387
"Exp. 3","PHYS","Strategic",0.225215229526968,-0.154205455320498,0.379420684847466
"Exp. 3","PHYS","FPF",0.165208172851379,0.309594306758279,-0.1443861339069
"Exp. 3","PNCX","Strategic",0.885319448459035,0.729845608985072,0.155473839473963
"Exp. 3","PNCX","FPF",1.0127125993353,0.229541763605819,0.783170835729482
"Exp. 3","PYTC","Strategic",0.920301860273527,0.161220465027038,0.759081395246489
"Exp. 3","PYTC","FPF",0.52797173075968,0.101337680798843,0.426634049960837
"Exp. 3","PZWH","Strategic",0.483443167112578,0.298810939730121,0.184632227382457
"Exp. 3","PZWH","FPF",0.513034286834392,0.289383521371654,0.223650765462738
"Exp. 3","QDCW","Strategic",0.618049828968327,0.243923734818226,0.374126094150102
"Exp. 3","QDCW","FPF",0.422019764878949,-0.358851455590686,0.780871220469635
"Exp. 3","QDCZ","Strategic",0.499425652153899,0.462780400551838,0.0366452516020612
"Exp. 3","QDCZ","FPF",0.387503339169007,0.415771623679004,-0.0282682845099964
"Exp. 3","QHVN","Strategic",0.424483346993515,-0.298952380523198,0.723435727516713
"Exp. 3","QHVN","FPF",0.159833233709486,-0.426813611145443,0.586646844854929
"Exp. 3","QKGD","Strategic",0.444133088376509,1.03653864143947,-0.592405553062962
"Exp. 3","QKGD","FPF",1.03021553557262,-0.211093022735093,1.24130855830771
"Exp. 3","QTGM","Strategic",0.436126210374405,0.221331668414164,0.214794541960241
"Exp. 3","QTGM","FPF",0.0699158598267425,-0.140468391590673,0.210384251417415
"Exp. 3","QZKF","Strategic",0.0711909013449295,-0.254216207600078,0.325407108945007
"Exp. 3","QZKF","FPF",0.299947068074422,0.120468182032107,0.179478886042315
"Exp. 3","RBWH","Strategic",0.488506741083113,-0.389338705618663,0.877845446701775
"Exp. 3","RBWH","FPF",0.0667063277724627,-0.307870332629891,0.374576660402354
"Exp. 3","RLBQ","Strategic",-0.157325548616063,0.670504654735274,-0.827830203351336
"Exp. 3","RLBQ","FPF",0.467166199671572,-0.748854846730717,1.21602104640229
"Exp. 3","RTDV","Strategic",0.852092701885415,-0.60364452640158,1.455737228287
"Exp. 3","RTDV","FPF",0.134791910982431,-0.177217407045763,0.312009318028194
"Exp. 3","RYHQ","Strategic",0.204897927619728,0.0628476794816388,0.142050248138089
"Exp. 3","RYHQ","FPF",-0.233444006225509,-0.143424624560411,-0.0900193816650975
"Exp. 3","RZLY","Strategic",0.54151678130706,0.404787574506096,0.136729206800964
"Exp. 3","RZLY","FPF",0.441390717404647,0.237465028161288,0.203925689243359
"Exp. 3","SDXY","Strategic",0.628872115440792,0.27989052422462,0.348981591216172
"Exp. 3","SDXY","FPF",0.377578862526225,0.30277430575008,0.0748045567761446
"Exp. 3","SGXY","Strategic",0.0296908103858228,-0.37103203421867,0.400722844604493
"Exp. 3","SGXY","FPF",0.331424632134051,-0.387503339169007,0.718927971303058
"Exp. 3","SKGV","Strategic",0.0565572414634341,-0.0592055096509593,0.115762751114393
"Exp. 3","SKGV","FPF",0.111110726160557,-0.44645662240004,0.557567348560598
"Exp. 3","SLPW","Strategic",0.374053881587962,0.366417680478072,0.00763620110988983
"Exp. 3","SLPW","FPF",0.856758694563869,-0.168190843381218,1.02494953794509
"Exp. 3","SVNC","Strategic",-0.467166199671572,-0.420454888125623,-0.0467113115459497
"Exp. 3","SVNC","FPF",-0.265348202030664,-0.697620059296624,0.43227185726596
"Exp. 3","SVNG","Strategic",0.611521320059353,0.139831719653485,0.471689600405868
"Exp. 3","SVNG","FPF",0.514872514630027,-0.620238654296763,1.13511116892679
"Exp. 3","SVZQ","Strategic",0.804933221569332,0.0149049428766273,0.790028278692704
"Exp. 3","SVZQ","FPF",0.197466982586422,-0.274905745347368,0.472372727933789
"Exp. 3","SWKN","Strategic",0.58164424660494,0.583439591302995,-0.00179534469805454
"Exp. 3","SWKN","FPF",0.527739622764918,0.143424624560411,0.384314998204506
"Exp. 3","SXWH","Strategic",0.387981873597485,-0.201498238754894,0.589480112352379
"Exp. 3","SXWH","FPF",0.0976883383016046,-0.254644549224164,0.352332887525769
"Exp. 3","THKY","Strategic",0,-0.398048205863845,0.398048205863845
"Exp. 3","THKY","FPF",0.129414689815125,-0.682519931903811,0.811934621718936
"Exp. 3","TKQB","Strategic",0.303568648115005,0.0979806259085418,0.205588022206463
"Exp. 3","TKQB","FPF",0.553105242088686,0.335587026956733,0.217518215131953
"Exp. 3","TQCL","Strategic",0.190456251288454,0.598650362118596,-0.408194110830142
"Exp. 3","TQCL","FPF",0.331424632134051,0.217705283839004,0.113719348295047
"Exp. 3","TXYK","Strategic",0.0571245290093311,-0.0144416763312738,0.0715662053406049
"Exp. 3","TXYK","FPF",0.977671153214854,0.175395109684948,0.802276043529906
"Exp. 3","VFTX","Strategic",0.0442131517895119,-0.156348597748958,0.20056174953847
"Exp. 3","VFTX","FPF",-0.275657789314067,-0.195755307303248,-0.0799024820108193
"Exp. 3","VFZY","Strategic",0.267246970727871,-0.247784049476671,0.515031020204542
"Exp. 3","VFZY","FPF",0.354567487166773,-0.0177234178151581,0.372290904981931
"Exp. 3","VLDM","Strategic",0.60376883466681,-0.155545487104801,0.75931432177161
"Exp. 3","VLDM","FPF",0.342791301259248,-0.034982411814491,0.377773713073739
"Exp. 3","VQZX","Strategic",0.513034286834392,-0.070405304468603,0.583439591302995
"Exp. 3","VQZX","FPF",0.335740011715764,-0.0667063277724627,0.402446339488227
"Exp. 3","VXLQ","Strategic",-0.0153184165015483,-0.431551679523413,0.416233263021865
"Exp. 3","VXLQ","FPF",0.0682952926244908,-0.43811968034159,0.50641497296608
"Exp. 3","VXQF","Strategic",0.450300855032316,0.369689082136112,0.0806117728962034
"Exp. 3","VXQF","FPF",0.964112950959784,0.31911720732678,0.644995743633004
"Exp. 3","VZFR","Strategic",0.0418388508104606,-0.552973972211173,0.594812823021633
"Exp. 3","VZFR","FPF",-0.021364030493383,-0.773177771914131,0.751813741420748
"Exp. 3","WNHG","Strategic",0.181618533230972,0.225156397810541,-0.0435378645795692
"Exp. 3","WNHG","FPF",-0.0742806592785923,0.0202334779759829,-0.0945141372545752
"Exp. 3","WQBF","Strategic",0.473845237873486,0.516486549488384,-0.0426413116148976
"Exp. 3","WQBF","FPF",0.623791428216765,-0.443969741414705,1.06776116963147
"Exp. 3","WQHX","Strategic",0.372565895243719,0.471303490020902,-0.0987375947771831
"Exp. 3","WQHX","FPF",0.265824151889022,-0.0720532588567358,0.337877410745758
"Exp. 3","WVDQ","Strategic",0.324839047693567,-0.138630778293917,0.463469825987484
"Exp. 3","WVDQ","FPF",0.0711909013449295,0.237938761814987,-0.166747860470057
"Exp. 3","XBQK","Strategic",0.422557804366127,-0.0908772481845744,0.513435052550702
"Exp. 3","XBQK","FPF",0.581182251104968,0.172381797068015,0.408800454036953
"Exp. 3","XLVP","Strategic",0.173802405434074,-0.273083447986553,0.446885853420626
"Exp. 3","XLVP","FPF",0.113112396826551,-0.056182954813146,0.169295351639697
"Exp. 3","XVGB","Strategic",-0.045980419869823,0.198218889417814,-0.244199309287637
"Exp. 3","XVGB","FPF",0.583439591302995,0.185391385439149,0.398048205863845
"Exp. 3","YHSR","Strategic",0.636825292527362,-0.028546078605781,0.665371371133143
"Exp. 3","YHSR","FPF",0.358020682268905,-0.537412096235711,0.895432778504615
"Exp. 3","YKQN","Strategic",0.802645368112285,0.223141299210964,0.579504068901321
"Exp. 3","YKQN","FPF",0.345366319210401,0.296012376009469,0.0493539432009316
"Exp. 3","YTLW","Strategic",0.351696900744163,0.0172589939993329,0.33443790674483
"Exp. 3","YTLW","FPF",0.0667063277724627,-0.0164698196299534,0.0831761474024161
"Exp. 3","YTML","Strategic",0.666302443275415,-0.115404053134442,0.781706496409857
"Exp. 3","YTML","FPF",0.4011119738495,0.555739130962517,-0.154627157113017
"Exp. 3","YZKH","Strategic",0.485288878081623,-0.310234725664926,0.795523603746549
"Exp. 3","YZKH","FPF",0.31911720732678,-0.556990513350158,0.876107720676937
"Exp. 3","ZCNG","Strategic",0.755932141593776,0.207362496689576,0.5485696449042
"Exp. 3","ZCNG","FPF",0.609541374832702,0.611417324385839,-0.00187594955313719
"Exp. 3","ZCVF","Strategic",0.405655871542507,-0.0140106366806835,0.41966650822319
"Exp. 3","ZCVF","FPF",0.485164607748519,0.193351860008893,0.291812747739626
"Exp. 3","ZNKC","Strategic",0.903916197701256,0.256747826129304,0.647168371571951
"Exp. 3","ZNKC","FPF",0.649699990101178,0.23576567567842,0.413934314422758
"Exp. 3","ZRNG","Strategic",0.103397100965471,-0.145822597028802,0.249219697994273
"Exp. 3","ZRNG","FPF",0.179285487673295,0.368495479176295,-0.189209991503001
"Exp. 3","ZVPW","Strategic",0.56554090018953,-0.182676987666797,0.748217887856327
"Exp. 3","ZVPW","FPF",0.786812434070787,0.637537037993817,0.14927539607697
"Exp. 3","ZWQY","Strategic",0.46063706199724,0.0172589939993329,0.443378067997907
"Exp. 3","ZWQY","FPF",0.14970185112489,-0.0210856586909351,0.170787509815825
"Exp. 3","ZXST","Strategic",0,-0.254644549224164,0.254644549224164
"Exp. 3","ZXST","FPF",0.667614989027184,0.057564861196259,0.610050127830925
"Exp. 3","wvkq","Strategic",0.0729785570711098,0.315130015170115,-0.242151458099005
"Exp. 3","wvkq","FPF",0.404320435162493,0.0140106366806834,0.390309798481809
